Sentence,Label,Predicted,Correct
"We held that the answer was in response to the question, probably invited, and in explanation of his attitude toward accused.",Analysis,Issue,False
Vacated and remanded.,Conclusion,Facts,False
The objections to the charge are that it shifts the burden of proof to the appellant; that it fails to charge the law of reason,Facts,Rule/Law/Holding,False
1 and 3 recite that they were made in rebuttal to argument of the defense attorneys.,Facts,Others,False
The rule relating to the introduction of photographs of the body of the deceased which may be inflammatory has been stated and applied in a number of rather recent decisions.,Rule/Law/Holding,Issue,False
This Court held that failure to copy such words in the indictment did not create a variance.,Rule/Law/Holding,Issue,False
"The offense is the possession of whisky, vodka, gin and beer in a dry area for the purpose of sale; the punishment, a fine of $400.00.",Facts,Others,False
"Appellant insists that the evidence is insufficient to sustain the conviction because it was not shown that he induced, enticed or encouraged the minor to go to the place where intoxicating liquor was sold as alleged in the information.",Issue,Facts,False
"The Court finds that the intent of the Legislature was to include Guam Memorial Hospital within the statutory scheme of that act.""",Analysis,Rule/Law/Holding,False
"The owner of an Iron Works Company testified that on March 1, 1961, he bought seven grease traps from appellant who delivered them to his company.",Facts,Others,False
"The governor's executive warrant recites that it has been made known to him by the governor of the State of Louisiana that appellant ""having been tried, convicted and sentenced for the crime of criminal neglect of family, has violated his probation committed in said State and that said defendant has taken refuge in the State of Texas * * * .""",Facts,Others,False
The only dispute on any material issue was whether the appellant was driving his automobile at the time and place in question.,Issue,Facts,False
"State, 320 S.W. 2d 139, holds ""the exercise of discretion is measured by the time the jury have been kept together, considered in the light of the nature of the case and the evidence.""",Rule/Law/Holding,Facts,False
"In the normal course of business dealings, a mortgage or some similar security interest would be expected, and it is the opinion of this Court that granting a mortgage in favor of the defendants would do less violence to the intention of the parties, while at the same time protecting defendant's equitable interests in the property which it was conveying.",Analysis,Issue,False
"Under such record, no reversible error is shown.",Conclusion,Facts,False
"It was further alleged that several jurors then brought up the Selby murder case, about which they had read in the newspapers, to the effect that Selby was given life ""” which meant that he would serve only seven or eight years; that, after several hours of this type argument and the receipt of other testimony about the Selby case and other cases, it was this argument about what ""life"" meant that finally brought the ten jurors from a suspended sentence, or a short term, up to a life sentence.",Facts,Conclusion,False
The amended statute was in effect on the date the indictment alleged the second conviction was had.,Facts,Rule/Law/Holding,False
"Mrs. Williams testified that he had a seizure a week before the trial; that about a month before the trial, and again three weeks later he cut his wrists; that he had been having epileptic seizures two years; that the last one was in the doctor's office and lasted 10 or 15 minutes; that he became unconscious when he had such seizures.",Facts,Issue,False
"The trial court refused to allow appellant to make such recognizance and ordered him confined to jail, pending his appeal from the revocation order entered by the court.",Facts,Conclusion,False
"He testified that, ""I am in charge of all three offices and the personnel, and the vehicles that we operate here in this area.""",Facts,Rule/Law/Holding,False
What was he catching ahold of down there?,Others,Facts,False
"The indictment in the instant case clearly alleges that appellant attempted to procure the female by ""means of offering her money"".",Facts,Others,False
"In view of our disposition of this case, we find it unnecessary to express an opinion upon the argument complained of by state's counsel.",Analysis,Facts,False
It is well settled that a conviction for theft by false pretext can be had upon such an indictment.,Analysis,Facts,False
"By brief and oral argument, appellant’s very able counsel urges his contentions.",Facts,Conclusion,False
"No objections were made to the court's charge, and no requested charges were presented.",Facts,Conclusion,False
"However, the record does not show that the appellant was prejudiced by the service of the next juror on the list.",Facts,Others,False
Appelland and his wife testified that it was Hight and not appellant who lost his temper and was the aggressor throughout.,Facts,Others,False
"Appellant testified that Butler stopped him and asked him for a pint of whisky, and he told him he did not sell whisky and had none.",Facts,Others,False
"During the time of appellant's negotiations with Gee, appellant was indebted to the company.",Facts,Others,False
There is no showing that anyone other than the officers ever had the wine in custody.,Facts,Others,False
"The Government of Guam must use the least restrictive means that would accomplish the legislative purpose of Bill 754 (15th Guam Legislature, 1979 First Regular Session).",Facts,Others,False
"The offense is assault with intent to murder with malice; the punishment, 5 years.",Facts,Others,False
We overrule appellant's remaining contention that the court erred in failing to charge the jury on the law of entrapment.,Conclusion,Facts,False
"In the case at bar, the person of appellant was not searched and so the rule announced in Giacona has no application.",Analysis,Others,False
"The information alleges that, in exchange for $7 cash, the appellant, with fraudulent intent, gave the injured party a $17 check drawn on his bank account knowing at the time that he had insufficient funds in the account to pay the check and that the check was returned unpaid for that reason.",Facts,Analysis,False
Its purpose was clearly restricted to “further defining the offense of an attempt to commit arson.”,Analysis,Others,False
"When the appellant denied that he had, an officer was then allowed to testify, over objection that the offenses inquired about did not involve moral turpitude, that he had arrested appellant or had been in company with others who arrested appellant on three or four occasions, and that he had pleaded guilty to vagrancy under an assumed name.",Facts,Issue,False
The appellant and Brundrett took $8 in money from Jobe's billfold and about $150 from the cash register and safe.,Facts,Others,False
Opinion approved by the Court.,Others,Facts,False
The proof shows that said check was presented in the due course of business to the named bank and was returned unpaid because the account was closed at all times here in question.,Facts,Conclusion,False
"She stated that the boys ""grabbed"" her; that ""they were all around;"" that Daniel Ramerez grabbed and pulled her to ""the room,"" and that the boys started tearing her slacks and panties.",Facts,Others,False
"Virginia told him that Hadley wanted another girl to come up, and appellant ""said he would have another one right up there"".",Facts,Others,False
"Appellant gave his age as 17, pleaded guilty and testified that the allegations of the indictment were true, and the trial judge found him guilty and assessed his punishment at 8 years.",Facts,Others,False
The trial court was in error in holding that he was without authority to grant leave to file the motion for new trial or to grant such motion.,Conclusion,Rule/Law/Holding,False
"While in his amended answer appellant alleged that the bond was invalid for various reasons, he did not, as pointed out in our original opinion, in any manner, deny execution of the bond.",Analysis,Others,False
"He appealed to the county court, where the state's motion to dismiss the appeal because of a defective appeal bond was granted.",Facts,Analysis,False
"Finding the evidence sufficient and no reversible error appearing, the judgment of the trial court is affirmed.",Conclusion,Facts,False
"""The court further finds that the court was fraudulently misled and caused to recess the court prior to the time for the usual recess on the direct application and request of the said defense attorney Jack Mackin, and that the court was misled by the said Mackin to the extent that the said Kitchens had no intent to enter a plea of guilty, and no agreement having been made, as reported by counsel for the state and the defendant at 1:15 P.M.; and said defense attorney Jack Mackin having directly requested and insisted to the court that the court not cause the defendant to plead to the indictment prior to the conference between the said Jack Mackin and the district attorney and the defendant, full knowing that the bondsmen of the defendant had at that time been stricken from the approved bond list of Tarrant County, Texas, due to large sums in other judgments nisi now pending against them, one of the said bondsmen being the partner of said Jack Mackin; and that the said Jack Mackin went to the office of the district attorney at the time of recess and discussed for a matter of moments the possibility of a nominal sentence, and the defendant Kitchens never appeared for said conference, and repaired immediately to his automobile and drove away; that the said Jack Mackin at no time offered any explanation of the absence of the said Kitchens at the time of or immediately after the reconvening of the court at 1:15 P.M.",Facts,Others,False
Mrs. Jackson was accompanied by Doris Green.,Facts,Others,False
We find the evidence sufficient to sustain the conviction and overrule appellant's contention that there was a fatal variance between the allegation and proof of embezzlement and that under the evidence appellant could not be guilty of embezzlement of the mohair but only guilty of embezzlement of the money derived from the sale thereof.,Conclusion,Others,False
Appellant further contends that the caption of the act amending the statute in question omits mentioning an intent to change the penalty provided for in the body of the act. It is appellant’s position that these contentions advanced by him make the act unconstitutional as being contrary to Art. 3 of Sec.,Issue,Others,False
"1392 and 1393 defining ""entry"" and 1394 defining ""breaking"".",Others,Rule/Law/Holding,False
Appellant was stopped and arrested by two city of Dallas police officers after they had observed the automobile he was driving weaving on a public street and drive across a parking lot near the street corner.,Facts,Others,False
"Scire facias, the citation, was issued and served on the sureties pursuant to the judgment nisi entered in Criminal District Court No. 2 of Tarrant County.",Rule/Law/Holding,Others,False
"In his motion for rehearing, appellant's counsel, who did not represent him in the trial of this case, earnestly requests this court to consider the alleged error made by the trial court in admitting the testimony by deposition of the witness Teddy Skelly.",Facts,Issue,False
"The trial court instructed the jury to disregard the statement, but overruled appellant's motion that a mistrial be declared.",Facts,Others,False
"The arresting officer also testified that he found some 19 bottles of beer in the pickup driven by appellant, and from his breath and actions he assumed that appellant drank the 5 bottles of beer missing from the 24 bottles case.",Facts,Analysis,False
"The search warrant, if there was one, was not before the Court in Mapp.",Facts,Others,False
"Jimmy Ann Davis testified that she was at appellant’s cafe on the night in question and that an argument erupted between appellant and one Oscar Davis, who was with her; that she sought to placate the men but that, in spite of her efforts, appellant cursed her, pulled out a pistol and shot at her twice, one bullet penetrating her stomach.",Facts,Conclusion,False
"This is an appeal from an order entered in a habeas corpus proceeding by the Judge of the 142nd Judicial District Court of Midland County, remanding appellant to custody for extradition to the State of Nebraska.",Facts,Others,False
The prior convictions were proved by certain prison records and comparison of finger prints in the manner which has been held sufficient by this Court.,Analysis,Others,False
"E. Bailey, that the Defendant before he was arrested told him that there was no one in the car with him at the time of the collision and that M.",Facts,Others,False
"No brief has been filed in appellant's behalf, and there are no formal bills of exception; no objections or exceptions relating to the court's charge and no informal bills of exception that merit discussion.",Facts,Conclusion,False
"Here, appellant did not testify, but offered his own application for suspended sentence.",Facts,Analysis,False
"The testimony of Officer Seale, of the city of Houston, shows that in response to a radio dispatch about 6:30 A.M., regarding a suspicious appearing parked automobile, he found the appellant seated in the automobile on a public street; and that the appellant told him that he was watching a nearby house in an effort to see a man from whom he had purchased a truck, and that ""he was out there to get his truck one way or another"".",Facts,Others,False
"To raise the issue that the appellant as surety did not sign the bond, the answer must contain an affirmative verified plea of non est factum.",Rule/Law/Holding,Others,False
"Appellant contends that since his acts did not result in death, and because of his age, we should reverse the case because the punishment is excessive.",Issue,Others,False
No brief has been filed in appellant’s behalf.,Facts,Others,False
"State, 198 S.W. 2d 270, that the offense of theft from the person is not an included offense in the crime of robbery and that a court is without jurisdiction to try an accused for the offense of theft from the person under an",Rule/Law/Holding,Others,False
"Thereupon, Kitchen took appellant to his home in Flynn and the next morning, October 24, Kitchen returned to Flynn and took appellant to his work.",Facts,Others,False
The questioning lasted approximately an hour.,Facts,Issue,False
"The earliest, and the leading, case on this question is Allen v.",Others,Facts,False
"The record reflects that the information was not presented by the prosecuting attorney but was in the form of an affidavit by the affiant, who signed the complaint.",Facts,Others,False
We have searched this record with care and have been unable to find the evidence to support the conclusion expressed in the State's brief that appellant was seen unloading the still pot.,Analysis,Facts,False
"Nothing at all to connect those up and no proper predicate laid.""",Analysis,Facts,False
Several claims for reversal relate to the court's charge.,Facts,Others,False
Appellant's contention is overruled and is without merit.,Conclusion,Facts,False
"The evidence did not raise the issue of the involuntary character of the confession, hence no charge thereon was required.",Analysis,Issue,False
"Appellant's last contention is that the court committed reversible error during the state's examination of the prosecuting witness, J. W. Donnell, with reference to his ownership and possession of the 4,000-acre tract when, upon objection being made by appellant, the court stated: ""Well, I believe it is general knowledge that he does have possession of it.""",Issue,Facts,False
I would affirm the conviction.,Conclusion,Facts,False
"He also filed another sworn answer and denial May 13, 1960.",Facts,Rule/Law/Holding,False
"""GENTLEMENS OF THE JURY:",Others,Facts,False
"While the record reflects that prior to the extradition proceedings a petition had been filed in the 142nd District Court of Midland County against appellant under the Uniform Support Act, there is no showing that appellant had submitted to the jurisdiction of the court and complied with any order of support.",Facts,Others,False
She was questioned more fully as follows:,Facts,Others,False
We have carefully reviewed and considered all of the testimony adduced and have set forth above all of the pertinent testimony that the state offered.,Analysis,Facts,False
Appellant next insists that the court erred in admitting evidence of certain extraneous offenses concerning appellant which were not admissible to serve any pertinent issue in the case.,Issue,Facts,False
"But appellant made no objection after the question was answered, and there is no showing as to why he chose to delay making his objection.",Analysis,Others,False
"All of the evidence shows that, while some 12 to 15 feet from Frank H. Fryer, appellant fired a shot from a shotgun striking Fryer in the muscle of the right arm.",Facts,Others,False
We think the chain of custody of the wine in question was,Others,Issue,False
The framers of the bill thus informed the public and their fellow legislators that the purpose of the bill was to change the definition.,Facts,Others,False
By formal Bill of Exception No. 2 appellant complains of the overruling of his amended motion for new trial based upon jury misconduct.,Facts,Others,False
"We stopped several places to have a beer and we arrived in Anahuac, Texas, about 12:30 A.M. on Saturday, October 10, 1959.",Facts,Others,False
The undisputed evidence shows that appellant was driving an automobile upon a public highway and was involved in a collision with another automobile.,Facts,Conclusion,False
The evidence shown by the statement of facts is insufficient to sustain the conviction.,Analysis,Facts,False
"In the absence of any showing of injury the error, if any, is not ground for reversal.",Analysis,Issue,False
"While it is true that the arresting officer was the only witness for the state, his testimony needed no corroboration.",Analysis,Others,False
"Under the record, we remain convinced that the issue of appellant’s execution of the bond was not raised by a proper plea of non est factum and that the court did not err in overruling the motion for new trial on such ground.",Analysis,Conclusion,False
The two items of evidence which he tendered were in existence prior to the time of trial and were cumulative of the evidence adduced at the trial and were therefore not such newly discovered evidence as to call for a new trial.,Analysis,Conclusion,False
"The defendant was ordered by a superior immediately to appear in the Intelligence Division of the Department of Revenue and Taxation and certain questions were asked of him in the presence of the Department head, the special agent and a stenographer.",Facts,Others,False
